session,rules_version,sym,kind,close,pivot,base_days,base_range_pct,adr_pct,stop,market_above_ema50,days_to_earnings,logged_at
2026-10-01,bb-v1-2026-10-01,STX,SETUP,945.57,946.35,7,8.03,5.38,,1,26,2026-10-01T20:23:11+00:00
2026-10-01,bb-v1-2026-10-01,AXTI,SETUP,81.8,83.9794,5,14.79,8.89,,1,28,2026-10-01T20:23:11+00:00
2026-10-01,bb-v1-2026-10-01,NET,SETUP,351.0,364.0,5,6.96,5.16,,1,28,2026-10-01T20:23:11+00:00
2026-10-01,bb-v1-2026-10-01,AEHR,SETUP,101.64,108.4,5,13.06,8.14,,1,32,2026-10-01T20:23:11+00:00
2026-10-01,bb-v1-2026-10-01,MRNA,SETUP,188.92,208.903,5,11.64,7.28,,1,35,2026-10-01T20:23:11+00:00
2026-10-01,bb-v1-2026-10-01,OKLO,WASHOUT,36.13,,,,5.23,,1,40,2026-10-01T20:23:11+00:00
2026-10-01,bb-v1-2026-10-01,TE,WASHOUT,3.7299,,,,6.19,,1,42,2026-10-01T20:23:11+00:00
2026-10-01,bb-v1-2026-10-01,PL,WASHOUT,16.13,,,,6.0,,1,69,2026-10-01T20:23:11+00:00
2026-10-01,bb-v1-2026-10-01,USAR,WASHOUT,13.82,,,,5.02,,1,35,2026-10-01T20:23:11+00:00
2026-10-01,bb-v1-2026-10-01,HYMC,WASHOUT,18.9387,,,,5.93,,1,26,2026-10-01T20:23:11+00:00
2026-10-01,bb-v1-2026-10-01,ASTS,WASHOUT,57.03,,,,6.24,,1,39,2026-10-01T20:23:11+00:00
2026-10-01,bb-v1-2026-10-01,ALAB,SETUP,356.42,377.87,5,9.49,6.64,,0,33,2026-10-02T00:01:47+00:00
2026-10-01,bb-v1-2026-10-01,BE,SETUP,277.58,302.354,9,16.89,7.04,,0,26,2026-10-02T00:01:47+00:00
2026-10-02,bb-v1-2026-10-01,AXTI,SETUP,85.87,87.55,5,18.26,8.84,,1,27,2026-10-02T22:09:58+00:00
2026-10-02,bb-v1-2026-10-01,AEHR,SETUP,107.2,109.48,5,13.92,8.04,,1,31,2026-10-02T22:09:58+00:00
2026-10-02,bb-v1-2026-10-01,NET,SETUP,348.79,357.64,5,5.3,5.1,,1,27,2026-10-02T22:09:58+00:00
2026-10-02,bb-v1-2026-10-01,NBIS,SETUP,242.81,250.48,5,8.82,6.48,,1,39,2026-10-02T22:09:58+00:00
2026-10-02,bb-v1-2026-10-01,MRNA,SETUP,189.91,208.903,6,12.27,7.31,,1,34,2026-10-02T22:09:58+00:00
2026-10-02,bb-v1-2026-10-01,OKLO,WASHOUT,35.85,,,,5.3,,1,39,2026-10-02T22:09:58+00:00
2026-10-02,bb-v1-2026-10-01,TE,WASHOUT,3.9101,,,,6.16,,1,41,2026-10-02T22:09:58+00:00
2026-10-02,bb-v1-2026-10-01,USAR,WASHOUT,13.59,,,,5.05,,1,34,2026-10-02T22:09:58+00:00
2026-10-02,bb-v1-2026-10-01,PL,WASHOUT,17.5,,,,5.79,,1,68,2026-10-02T22:09:58+00:00
2026-10-02,bb-v1-2026-10-01,HYMC,WASHOUT,18.71,,,,5.81,,1,25,2026-10-02T22:09:58+00:00
2026-10-05,bb-v1-2026-10-01,AXTI,SETUP,86.72,87.94,5,14.38,8.52,,1,24,2026-10-05T20:42:22+00:00
2026-10-05,bb-v1-2026-10-01,NET,SETUP,359.63,366.1307,5,6.56,5.22,,1,24,2026-10-05T20:42:22+00:00
2026-10-05,bb-v1-2026-10-01,MRNA,SETUP,203.21,208.903,7,12.27,7.38,,1,31,2026-10-05T20:42:22+00:00
2026-10-05,bb-v1-2026-10-01,AEHR,SETUP,104.47,109.48,5,10.49,7.8,,1,28,2026-10-05T20:42:22+00:00
2026-10-05,bb-v1-2026-10-01,OKLO,WASHOUT,35.98,,,,5.22,,1,36,2026-10-05T20:42:22+00:00
2026-10-05,bb-v1-2026-10-01,TE,WASHOUT,3.71,,,,6.35,,1,38,2026-10-05T20:42:22+00:00
2026-10-05,bb-v1-2026-10-01,PL,WASHOUT,17.38,,,,5.37,,1,65,2026-10-05T20:42:22+00:00
2026-10-05,bb-v1-2026-10-01,HYMC,WASHOUT,18.8,,,,5.89,,1,22,2026-10-05T20:42:22+00:00
2026-10-06,bb-v1-2026-10-01,BE,SETUP,295.86,300.8,5,9.45,6.27,,1,21,2026-10-06T20:24:04+00:00
2026-10-06,bb-v1-2026-10-01,NBIS,SETUP,249.78,255.082,5,10.43,6.31,,1,35,2026-10-06T20:24:04+00:00
2026-10-06,bb-v1-2026-10-01,NET,SETUP,355.01,370.35,6,7.63,5.13,,1,23,2026-10-06T20:24:04+00:00
2026-10-06,bb-v1-2026-10-01,AXTI,SETUP,84.05,88.36,5,14.79,8.13,,1,23,2026-10-06T20:24:04+00:00
2026-10-06,bb-v1-2026-10-01,TE,WASHOUT,3.7999,,,,6.03,,1,37,2026-10-06T20:24:04+00:00
2026-10-06,bb-v1-2026-10-01,OKLO,WASHOUT,38.575,,,,5.18,,1,35,2026-10-06T20:24:04+00:00
2026-10-06,bb-v1-2026-10-01,HYMC,WASHOUT,19.1,,,,5.78,,1,21,2026-10-06T20:24:04+00:00
2026-10-06,bb-v1-2026-10-01,PL,WASHOUT,18.565,,,,5.25,,1,64,2026-10-06T20:24:04+00:00
