session,rules_version,sym,label,bias,rel,side_known,unusual_call_prem,unusual_put_prem,otm_call_prem,otm_put_prem,pc_vol_ratio,act_x,close,logged_at
2026-10-01,flow-v1-2026-10-01,AAOI,BEARISH,-0.52,-0.562,1.0,2800277,1372951,5882502,3060794,0.402,,107.28,2026-10-01T20:25:28Z
2026-10-01,flow-v1-2026-10-01,AAPL,NEUTRAL,0.007,-0.035,1.0,26239663,19969711,35358348,30771067,0.637,,330.48,2026-10-01T20:25:28Z
2026-10-01,flow-v1-2026-10-01,ALAB,NEUTRAL,-0.096,-0.138,1.0,5719222,2367284,12515644,4994055,0.513,,356.07,2026-10-01T20:25:28Z
2026-10-01,flow-v1-2026-10-01,AMAT,NEUTRAL,0.23,0.188,1.0,5804323,1426093,11925888,5134228,1.025,,529.07,2026-10-01T20:25:28Z
2026-10-01,flow-v1-2026-10-01,AMD,NEUTRAL,-0.08,-0.122,1.0,36942555,22693079,53014068,37572555,0.846,,615.64,2026-10-01T20:25:28Z
2026-10-01,flow-v1-2026-10-01,AMZN,BEARISH,-0.644,-0.686,1.0,12189098,7641758,24553434,11963473,0.537,,248.32,2026-10-01T20:25:28Z
2026-10-01,flow-v1-2026-10-01,APLD,BEARISH,-0.732,-0.774,1.0,553491,850405,1364448,1392024,0.664,,24.155,2026-10-01T20:25:28Z
2026-10-01,flow-v1-2026-10-01,APP,BULLISH,0.577,0.535,1.0,4524447,2298051,5957788,7266074,1.363,,281.23,2026-10-01T20:25:28Z
2026-10-01,flow-v1-2026-10-01,ARM,BULLISH,0.655,0.613,0.98,1053361,559709,6711203,2735414,0.869,,292.34,2026-10-01T20:25:28Z
2026-10-01,flow-v1-2026-10-01,ASML,BULLISH,0.632,0.59,1.0,2564327,1303999,8938327,6716740,1.057,,1808.5699,2026-10-01T20:25:28Z
2026-10-01,flow-v1-2026-10-01,ASTS,BULLISH,0.589,0.547,1.0,1713319,424000,3283281,1547889,0.397,,57.03,2026-10-01T20:25:28Z
2026-10-01,flow-v1-2026-10-01,AVGO,BULLISH,0.373,0.331,1.0,8778541,8979587,17355511,13298840,0.6,,343.7,2026-10-01T20:25:28Z
2026-10-01,flow-v1-2026-10-01,AXTI,NEUTRAL,0.284,0.242,1.0,1082818,401999,2206469,1149774,0.498,,81.8,2026-10-01T20:25:28Z
2026-10-01,flow-v1-2026-10-01,BABA,NEUTRAL,-0.137,-0.179,1.0,820747,137840,2488895,727002,0.477,,107.45,2026-10-01T20:25:28Z
2026-10-01,flow-v1-2026-10-01,BE,NEUTRAL,0.059,0.017,1.0,8099687,6437980,14638581,13337717,0.702,,277.56,2026-10-01T20:25:28Z
2026-10-01,flow-v1-2026-10-01,CAT,BULLISH,0.999,0.957,0.99,420042,206257,2135348,2211284,0.933,,826.35,2026-10-01T20:25:28Z
2026-10-01,flow-v1-2026-10-01,CIEN,NEUTRAL,-0.187,-0.229,0.85,1010216,253823,2367564,1552446,1.389,,379.24,2026-10-01T20:25:28Z
2026-10-01,flow-v1-2026-10-01,CIFR,NEUTRAL,-0.033,-0.075,1.0,1141727,46708,1706326,336491,0.981,,15.465,2026-10-01T20:25:28Z
2026-10-01,flow-v1-2026-10-01,COHR,BEARISH,-0.485,-0.527,1.0,4895772,1794976,8896161,5123296,0.951,,319.3,2026-10-01T20:25:28Z
2026-10-01,flow-v1-2026-10-01,COIN,BULLISH,0.495,0.453,1.0,12870764,279388,16353720,1717672,0.329,,189.38,2026-10-01T20:25:28Z
2026-10-01,flow-v1-2026-10-01,CRCL,BULLISH,0.683,0.641,1.0,2702521,16452,4398276,596233,0.438,,82.88,2026-10-01T20:25:28Z
2026-10-01,flow-v1-2026-10-01,CRDO,NEUTRAL,-0.138,-0.18,1.0,2211689,1221283,4879274,3140198,0.66,,210.15,2026-10-01T20:25:28Z
2026-10-01,flow-v1-2026-10-01,CRM,BEARISH,-0.382,-0.424,1.0,260603,218912,1614968,1275544,0.711,,236.7,2026-10-01T20:25:28Z
2026-10-01,flow-v1-2026-10-01,CRWD,BEARISH,-0.322,-0.364,1.0,884186,1814596,8063281,3508128,1.332,,266.165,2026-10-01T20:25:28Z
2026-10-01,flow-v1-2026-10-01,CRWV,BULLISH,0.51,0.468,1.0,2574061,1204149,11191530,3963195,0.453,,88.57,2026-10-01T20:25:28Z
2026-10-01,flow-v1-2026-10-01,DELL,NEUTRAL,-0.117,-0.159,1.0,11718600,2924371,20160903,9579407,0.553,,541.7,2026-10-01T20:25:28Z
2026-10-01,flow-v1-2026-10-01,DRAM,NEUTRAL,-0.111,-0.153,1.0,2920436,1345489,6191661,3332144,0.593,,62.04,2026-10-01T20:25:28Z
2026-10-01,flow-v1-2026-10-01,EWY,BEARISH,-0.935,-0.977,0.86,8950,807946,2737553,3823489,2.939,,186.11,2026-10-01T20:25:28Z
2026-10-01,flow-v1-2026-10-01,GEV,BEARISH,-0.944,-0.986,1.0,2998471,1324729,8715753,5267130,0.798,,987.45,2026-10-01T20:25:28Z
2026-10-01,flow-v1-2026-10-01,GLW,NEUTRAL,0.215,0.173,1.0,851886,418464,2667712,1760354,0.583,,160.49,2026-10-01T20:25:28Z
2026-10-01,flow-v1-2026-10-01,GOOGL,BEARISH,-0.529,-0.571,1.0,26389468,6920319,40867263,14432281,0.375,,338.26,2026-10-01T20:25:28Z
2026-10-01,flow-v1-2026-10-01,HOOD,BEARISH,-0.595,-0.637,1.0,9620793,2535042,14846378,7093070,0.379,,111.16,2026-10-01T20:25:28Z
2026-10-01,flow-v1-2026-10-01,IBM,NEUTRAL,0.211,0.169,1.0,1862100,1327325,5258188,2422492,0.427,,225.75,2026-10-01T20:25:28Z
2026-10-01,flow-v1-2026-10-01,IGV,NEUTRAL,-0.253,-0.295,1.0,333759,81924,440661,266643,0.414,,108.18,2026-10-01T20:25:28Z
2026-10-01,flow-v1-2026-10-01,INTC,BULLISH,0.621,0.579,1.0,15240542,6965713,26465257,11904649,0.594,,119.96,2026-10-01T20:25:28Z
2026-10-01,flow-v1-2026-10-01,IREN,BEARISH,-0.295,-0.337,1.0,1533668,107964,3372399,2191543,0.611,,40.67,2026-10-01T20:25:28Z
2026-10-01,flow-v1-2026-10-01,IWM,BEARISH,-0.273,-0.315,0.99,27858585,24866245,40871085,46539959,1.176,,279.04,2026-10-01T20:25:28Z
2026-10-01,flow-v1-2026-10-01,JPM,BULLISH,0.364,0.322,1.0,1352524,197243,3512268,1548851,0.428,,333.33,2026-10-01T20:25:28Z
2026-10-01,flow-v1-2026-10-01,KLAC,BULLISH,0.67,0.628,1.0,1479140,223882,1682011,575285,0.222,,200.33,2026-10-01T20:25:28Z
2026-10-01,flow-v1-2026-10-01,LITE,BEARISH,-0.486,-0.528,1.0,31124289,21971997,40675470,33934900,0.918,,1045.61,2026-10-01T20:25:28Z
2026-10-01,flow-v1-2026-10-01,LLY,NEUTRAL,0.105,0.063,0.87,671146,577023,5824609,3288799,0.95,,1150.05,2026-10-01T20:25:28Z
2026-10-01,flow-v1-2026-10-01,MCD,NEUTRAL,-0.012,-0.054,1.0,605835,9726,1312726,688641,0.744,,231.84,2026-10-01T20:25:28Z
2026-10-01,flow-v1-2026-10-01,META,NEUTRAL,-0.235,-0.277,1.0,45581517,22622919,77885772,37109425,0.462,,726.09,2026-10-01T20:25:28Z
2026-10-01,flow-v1-2026-10-01,MP,BEARISH,-1.0,-1.042,1.0,18706,270939,222535,593788,1.11,,46.09,2026-10-01T20:25:28Z
2026-10-01,flow-v1-2026-10-01,MRNA,NEUTRAL,0.042,0.0,1.0,5197897,1148618,13267416,2886032,0.662,,188.92,2026-10-01T20:25:28Z
2026-10-01,flow-v1-2026-10-01,MRVL,BULLISH,0.7,0.658,1.0,11222596,2020195,28395010,6363855,0.366,,268.01,2026-10-01T20:25:28Z
2026-10-01,flow-v1-2026-10-01,MSFT,BEARISH,-0.766,-0.808,1.0,14147738,10398597,30442839,14747771,0.447,,513.105,2026-10-01T20:25:28Z
2026-10-01,flow-v1-2026-10-01,MU,NEUTRAL,0.003,-0.039,1.0,392568647,121022848,470142872,155370911,0.584,,1097.675,2026-10-01T20:25:28Z
2026-10-01,flow-v1-2026-10-01,NBIS,BULLISH,0.373,0.331,1.0,5481673,1652539,16637501,10158491,0.572,,232.28,2026-10-01T20:25:28Z
2026-10-01,flow-v1-2026-10-01,NFLX,BEARISH,-0.541,-0.583,1.0,3757726,580791,6303752,1720343,0.526,,67.845,2026-10-01T20:25:28Z
2026-10-01,flow-v1-2026-10-01,NOW,BULLISH,0.455,0.413,1.0,2179419,431352,4933856,1911114,0.513,,137.79,2026-10-01T20:25:28Z
2026-10-01,flow-v1-2026-10-01,NVDA,NEUTRAL,0.304,0.262,1.0,59256312,54171815,81462074,72548722,0.626,,230.96,2026-10-01T20:25:28Z
2026-10-01,flow-v1-2026-10-01,OKLO,NEUTRAL,0.263,0.221,1.0,301871,5860,774935,250508,0.609,,36.13,2026-10-01T20:25:28Z
2026-10-01,flow-v1-2026-10-01,ORCL,NEUTRAL,0.205,0.163,1.0,5899701,1341764,11488439,4399763,0.353,,138.08,2026-10-01T20:25:28Z
2026-10-01,flow-v1-2026-10-01,PEP,BULLISH,0.587,0.545,0.98,152373,106847,636028,299728,1.006,,125.63,2026-10-01T20:25:28Z
2026-10-01,flow-v1-2026-10-01,PLTR,NEUTRAL,-0.188,-0.23,1.0,9798161,4916455,13871726,10802027,0.456,,190.0,2026-10-01T20:25:28Z
2026-10-01,flow-v1-2026-10-01,QCOM,NEUTRAL,0.216,0.174,0.98,1880368,30336,3363073,909247,0.432,,182.03,2026-10-01T20:25:28Z
2026-10-01,flow-v1-2026-10-01,QQQ,NEUTRAL,0.055,0.013,0.98,153989292,199841935,216348267,293442915,0.998,,742.04,2026-10-01T20:25:28Z
2026-10-01,flow-v1-2026-10-01,RDDT,BEARISH,-0.479,-0.521,1.0,1145079,44655,3257928,984154,0.494,,149.54,2026-10-01T20:25:28Z
2026-10-01,flow-v1-2026-10-01,RKLB,BEARISH,-0.332,-0.374,1.0,3397997,692149,5097485,1908302,0.288,,70.47,2026-10-01T20:25:28Z
2026-10-01,flow-v1-2026-10-01,SMH,BULLISH,0.619,0.577,0.94,2763889,6473431,17882849,13808868,1.993,,617.968,2026-10-01T20:25:28Z
2026-10-01,flow-v1-2026-10-01,SNDK,NEUTRAL,0.341,0.299,1.0,80004995,35803520,114488660,63671384,0.626,,1786.91,2026-10-01T20:25:28Z
2026-10-01,flow-v1-2026-10-01,SNOW,BEARISH,-0.864,-0.906,1.0,190210,182780,2103420,977077,0.598,,341.895,2026-10-01T20:25:28Z
2026-10-01,flow-v1-2026-10-01,SOFI,BULLISH,0.461,0.419,1.0,1265319,100131,2417830,942670,0.518,,15.82,2026-10-01T20:25:28Z
2026-10-01,flow-v1-2026-10-01,SPCX,BEARISH,-0.428,-0.47,1.0,16657728,10504948,26607043,18043848,0.64,,148.1,2026-10-01T20:25:28Z
2026-10-01,flow-v1-2026-10-01,SPOT,BULLISH,1.0,0.958,0.93,20664,281385,971170,1362048,1.059,,491.28,2026-10-01T20:25:28Z
2026-10-01,flow-v1-2026-10-01,SPY,NEUTRAL,0.018,-0.024,0.99,210645269,135921833,264221961,243923121,1.137,,764.02,2026-10-01T20:25:28Z
2026-10-01,flow-v1-2026-10-01,STX,NEUTRAL,0.163,0.121,0.99,789976,806203,5685601,7324337,1.157,,945.57,2026-10-01T20:25:28Z
2026-10-01,flow-v1-2026-10-01,TEAM,BEARISH,-0.596,-0.638,1.0,142572,809598,397285,1002762,1.857,,189.9,2026-10-01T20:25:28Z
2026-10-01,flow-v1-2026-10-01,TSLA,NEUTRAL,0.097,0.055,1.0,133714151,38372678,161224686,49959038,0.551,,354.12,2026-10-01T20:25:28Z
2026-10-01,flow-v1-2026-10-01,TSM,BULLISH,0.463,0.421,1.0,1401687,1378096,6968002,3716958,0.767,,459.27,2026-10-01T20:25:28Z
2026-10-01,flow-v1-2026-10-01,VRT,BULLISH,1.0,0.958,1.0,402144,0,1592074,910080,1.409,,246.14,2026-10-01T20:25:28Z
2026-10-01,flow-v1-2026-10-01,VST,BEARISH,-1.0,-1.042,1.0,70252,1047544,1480590,1575777,1.561,,139.81,2026-10-01T20:25:28Z
2026-10-01,flow-v1-2026-10-01,WDC,NEUTRAL,0.062,0.02,1.0,749733,789863,3914351,4611587,1.017,,462.56,2026-10-01T20:25:28Z
2026-10-01,flow-v1-2026-10-01,WMT,NEUTRAL,0.053,0.011,0.99,710826,1040569,1740852,1232072,0.587,,104.29,2026-10-01T20:25:28Z
2026-10-01,flow-v1-2026-10-01,WULF,BEARISH,-0.628,-0.67,0.54,344721,304035,875829,525955,2.784,,14.895,2026-10-01T20:25:28Z
2026-10-01,flow-v1-2026-10-01,ZS,BULLISH,0.759,0.717,1.0,477580,18375,1643280,297444,0.484,,198.78,2026-10-01T20:25:28Z
