signal_date,rules_version,sym,panels,n_panels,take,size,close,move,target_mult,target_ref,ext9,cmf20,trend,pullback,qqq_above_50d,breadth_above_50d,spy_close,logged_at
2026-09-25,v2-2026-09-27,BUG,Weekly Pick,1,0,FULL,44.7100,1.5812,1.5,47.0818,-1.1126,0.2101,UPTREND,MIXED,1,0.539,771.35,2026-09-27T06:35:09.966Z
2026-09-25,v2-2026-09-27,CRM,Golden Cross,1,0,FULL,234.0200,8.9248,1.5,247.4072,-2.2560,-0.3240,UPTREND; PULLING BACK,DISTRIBUTION,1,0.539,771.35,2026-09-27T06:35:09.966Z
2026-09-25,v2-2026-09-27,INTC,Weekly Pick,1,0,FULL,123.0000,6.2633,1.5,132.3950,5.2711,0.2009,UPTREND,MIXED,1,0.539,771.35,2026-09-27T06:35:09.966Z
2026-09-25,v2-2026-09-27,META,Golden Cross,1,0,FULL,751.6600,27.1941,1.5,792.4512,4.2825,0.0304,UPTREND,DISTRIBUTION,1,0.539,771.35,2026-09-27T06:35:09.966Z
2026-09-25,v2-2026-09-27,MSFT,Golden Cross,1,0,FULL,516.1700,11.7749,1.5,533.8323,2.8964,0.0575,UPTREND,NO PULLBACK,1,0.539,771.35,2026-09-27T06:35:09.966Z
2026-09-25,v2-2026-09-27,NOW,Golden Cross,1,0,FULL,135.6200,5.8687,1.5,144.4231,-1.4159,-0.0870,UPTREND; PULLING BACK,SLIGHT PULLBACK,1,0.539,771.35,2026-09-27T06:35:09.966Z
2026-09-25,v2-2026-09-27,PLTR,Golden Cross,1,0,FULL,189.6700,6.8815,1.5,199.9923,2.8902,0.1107,UPTREND,SLIGHT PULLBACK,1,0.539,771.35,2026-09-27T06:35:09.966Z
2026-09-25,v2-2026-09-27,QCOM,Golden Cross,1,0,FULL,201.9700,8.6581,1.5,214.9571,5.1995,0.0188,UPTREND,NO PULLBACK,1,0.539,771.35,2026-09-27T06:35:09.966Z
2026-09-25,v2-2026-09-27,SPOT,Golden Cross,1,0,FULL,510.0100,19.0925,1.5,538.6488,-1.5016,-0.1600,UNDER PRESSURE,DISTRIBUTION,1,0.539,771.35,2026-09-27T06:35:09.966Z
2026-09-25,v2-2026-09-27,TSM,Weekly Pick,1,0,FULL,450.5800,10.5071,1.5,466.3406,1.9890,0.2017,UPTREND,NO PULLBACK,1,0.539,771.3,2026-09-27T16:03:21.061Z
2026-09-25,v2-2026-09-27,ZS,Golden Cross,1,0,IGNORE,193.0500,10.2870,1.5,208.4805,-3.4985,0.1231,UPTREND,DISTRIBUTION,1,0.539,771.35,2026-09-27T06:35:09.966Z
2026-09-28,v2-2026-09-27,ADBE,Golden Cross,1,0,FULL,231.1200,9.6182,1.5,245.5473,-4.6199,-0.1612,BROKE SUPPORT,DISTRIBUTION,1,0.509,765.5,2026-09-28T20:23:33.426Z
2026-09-28,v2-2026-09-27,CRM,Golden Cross,1,0,FULL,227.3100,9.2044,1.5,241.1166,-4.0882,-0.3411,BROKE SUPPORT,DISTRIBUTION,1,0.509,765.5,2026-09-28T20:23:33.426Z
2026-09-28,v2-2026-09-27,CRWD,Weekly Pick,1,0,FULL,259.2400,12.2556,1.5,277.6234,3.8806,0.2000,UPTREND,NO PULLBACK,1,0.509,765.5,2026-09-28T20:23:33.426Z
2026-09-28,v2-2026-09-27,HACK,Weekly Pick,1,0,FULL,119.5000,3.6307,1.5,124.9460,-0.2857,0.2016,UPTREND,DISTRIBUTION,1,0.509,765.5,2026-09-28T20:23:33.426Z
2026-09-28,v2-2026-09-27,INTC,Bull Flag,1,0,FULL,116.1300,6.4084,1.5,125.7427,-0.4875,0.2046,UPTREND,MIXED,1,0.509,765.5,2026-09-28T20:23:33.426Z
2026-09-28,v2-2026-09-27,META,Golden Cross,1,0,FULL,715.7200,27.9996,1.5,757.7194,-0.5637,-0.0062,UPTREND,DISTRIBUTION,1,0.509,765.5,2026-09-28T20:23:33.426Z
2026-09-28,v2-2026-09-27,MRNA,RS Leader,1,0,HALF,197.3500,12.6890,1.5,216.3835,9.7242,0.2161,UPTREND,NO PULLBACK,1,0.509,765.5,2026-09-28T20:23:33.426Z
2026-09-28,v2-2026-09-27,MSFT,Golden Cross,1,0,FULL,509.4700,11.9336,1.5,527.3704,1.2447,0.0467,UPTREND,SLIGHT PULLBACK,1,0.509,765.5,2026-09-28T20:23:33.426Z
2026-09-28,v2-2026-09-27,MU,Bull Flag,1,0,FULL,1053.8900,48.3289,1.5,1126.3833,0.9106,0.2033,UPTREND,SLIGHT PULLBACK,1,0.509,765.5,2026-09-28T20:23:33.426Z
2026-09-28,v2-2026-09-27,NOW,Golden Cross,1,0,FULL,131.4400,6.0831,1.5,140.5647,-3.5956,-0.1418,BROKE SUPPORT,DISTRIBUTION,1,0.509,765.5,2026-09-28T20:23:33.426Z
2026-09-28,v2-2026-09-27,PFE,Golden Cross,1,0,FULL,28.7300,0.5043,1.5,29.4864,1.7627,0.1871,UPTREND,NO PULLBACK,1,0.509,765.5,2026-09-28T20:23:33.426Z
2026-09-28,v2-2026-09-27,PLTR,Golden Cross,1,0,FULL,187.5600,6.7207,1.5,197.6410,1.3916,0.1110,UPTREND,SLIGHT PULLBACK,1,0.509,765.5,2026-09-28T20:23:33.426Z
2026-09-28,v2-2026-09-27,QCOM,Golden Cross,1,0,FULL,187.4100,9.1294,1.5,201.1041,-1.9166,-0.0230,UPTREND,SLIGHT PULLBACK,1,0.509,765.5,2026-09-28T20:23:33.426Z
2026-09-28,v2-2026-09-27,SPOT,Golden Cross,1,0,FULL,497.2700,18.6587,1.5,525.2581,-3.1950,-0.2226,UNDER PRESSURE,DISTRIBUTION,1,0.509,765.5,2026-09-28T20:23:33.426Z
2026-09-28,v2-2026-09-27,ZS,Golden Cross,1,0,IGNORE,199.3700,10.5793,1.5,215.2390,-0.2716,0.1526,UPTREND,DISTRIBUTION,1,0.509,765.5,2026-09-28T20:23:33.426Z
